medalist_name,gender,sport,medal
Bair Badënov,male,archery,bronze
Ilario Di Buò,male,archery,silver
Im Dong-hyun,male,archery,gold
Jiang Lin,male,archery,bronze
Lee Chang-hwan,male,archery,gold
Li Wenquan,male,archery,bronze
Marco Galiazzo,male,archery,silver
Mauro Nespoli,male,archery,silver
Park Kyung-mo,male,archery,silver
Viktor Ruban,male,archery,gold
Xue Haifeng,male,archery,bronze
Bérengère Schuh,female,archery,bronze
Chen Ling,female,archery,silver
Guo Dan,female,archery,silver
Joo Hyun-Jung,female,archery,gold
Park Sung-hyun,female,archery,silver
Sophie Dodemont,female,archery,bronze
Virginie Arnold,female,archery,bronze
Yun Ok-hee,female,archery,bronze
Zhang Juanjuan,female,archery,gold
Aaron Armstrong,male,athletics,gold
Ainārs Kovals,male,athletics,silver
Alex Schwazer,male,athletics,gold
Alfred Kirwa Yego,male,athletics,bronze
Andrae Williams,male,athletics,silver
Andreas Thorkildsen,male,athletics,gold
Andrei Krauchanka,male,athletics,silver
Andretti Bain,male,athletics,silver
Andrew Steele,male,athletics,bronze
Andrey Silnov,male,athletics,gold
Angelo Taylor,male,athletics,gold
Asbel Kiprop,male,athletics,gold
Avard Moncur,male,athletics,silver
Bershawn Jackson,male,athletics,bronze
Brimin Kipruto,male,athletics,gold
Bruno de Barros,male,athletics,bronze
Bryan Clay,male,athletics,gold
Chris Brown,male,athletics,silver
Christian Cantwell,male,athletics,silver
David Neville,male,athletics,bronze
David Oliver,male,athletics,bronze
David Payne,male,athletics,silver
Dayron Robles,male,athletics,gold
Denis Nizhegorodov,male,athletics,bronze
Derek Miles,male,athletics,bronze
Dylan Armstrong,male,athletics,bronze
Edwin Soi,male,athletics,bronze
Eliud Kipchoge,male,athletics,silver
Emmanuel Callender,male,athletics,gold
Gerd Kanter,male,athletics,gold
Germaine Mason,male,athletics,silver
Godfrey Khotso Mokoena,male,athletics,silver
Ibrahim Camejo,male,athletics,bronze
Irving Saladino,male,athletics,gold
Ismail Ahmed Ismail,male,athletics,silver
Ivan Tsikhan,male,athletics,bronze
Jaouad Gharib,male,athletics,silver
Jared Tallent,male,athletics,bronze
Jefferson Pérez,male,athletics,silver
Jeremy Wariner,male,athletics,silver
José Carlos Moreira,male,athletics,bronze
Kenenisa Bekele,male,athletics,gold
Kerron Clement,male,athletics,silver
Keston Bledman,male,athletics,gold
LaShawn Merritt,male,athletics,gold
Leevan Sands,male,athletics,bronze
Leonel Suárez,male,athletics,bronze
Mahiedine Mekhissi-Benabbad,male,athletics,silver
Marc Burns,male,athletics,gold
Martyn Rooney,male,athletics,bronze
Mehdi Baala,male,athletics,bronze
Micah Kogo,male,athletics,bronze
Michael Bingham,male,athletics,bronze
Michael Mathieu,male,athletics,silver
Naoki Tsukahara,male,athletics,silver
Nelson Évora,male,athletics,gold
Nick Willis,male,athletics,silver
Nobuharu Asahara,male,athletics,silver
Phillips Idowu,male,athletics,silver
Piotr Małachowski,male,athletics,silver
Primož Kozmus,male,athletics,gold
Ramon Miller,male,athletics,silver
Reggie Witherspoon,male,athletics,gold
Richard Mateelong,male,athletics,bronze
Richard Thompson,male,athletics,silver
Robert Tobin,male,athletics,bronze
Samuel Wanjiru,male,athletics,gold
Sandro Viana,male,athletics,bronze
Shawn Crawford,male,athletics,silver
Shingo Suetsugu,male,athletics,silver
Shinji Takahira,male,athletics,silver
Sileshi Sihine,male,athletics,silver
Steve Hooker,male,athletics,gold
Tero Pitkämäki,male,athletics,bronze
Tomasz Majewski,male,athletics,gold
Tsegaye Kebede,male,athletics,bronze
Usain Bolt,male,athletics,gold
Vadim Devyatovskiy,male,athletics,silver
Valeriy Borchin,male,athletics,gold
Vicente de Lima,male,athletics,bronze
Virgilijus Alekna,male,athletics,bronze
Walter Dix,male,athletics,bronze
Wilfred Bungei,male,athletics,gold
Yaroslav Rybakov,male,athletics,bronze
Yevgeny Lukyanenko,male,athletics,silver
Agnes Osazuwa,female,athletics,silver
Allyson Felix,female,athletics,silver
Anna Chicherova,female,athletics,bronze
Barbora Špotáková,female,athletics,gold
Blanka Vlašić,female,athletics,silver
Blessing Okagbare,female,athletics,silver
Bobby-Gaye Wilkins,female,athletics,silver
Catherine Ndereba,female,athletics,silver
Chelsea Hammond,female,athletics,bronze
Christina Obergföll,female,athletics,bronze
Christine Ohuruogu,female,athletics,gold
Constantina Diță,female,athletics,gold
Dawn Harper-Nelson,female,athletics,gold
Elisa Rigaudo,female,athletics,bronze
Ene Franca Idoko,female,athletics,silver
Eunice Jepkorir,female,athletics,silver
Françoise Mbango Etone,female,athletics,gold
Gloria Kemasuode,female,athletics,silver
Gong Lijiao,female,athletics,bronze
Gölnara Galkina-Sämitevä,female,athletics,gold
Halimat Ismaila,female,athletics,silver
Hanna Mariën,female,athletics,gold
Hasna Benhassi,female,athletics,bronze
Hyleas Fountain,female,athletics,silver
Iryna Lishchynska,female,athletics,silver
Janeth Jepkosgei,female,athletics,silver
Jennifer Suhr,female,athletics,silver
Kelly Sotherton,female,athletics,bronze
Kerron Stewart,female,athletics,bronze
Kim Gevaert,female,athletics,gold
Kjersti Plätzer,female,athletics,silver
Linet Masai,female,athletics,bronze
Lucimar de Moura,female,athletics,bronze
Manuela Montebrun,female,athletics,bronze
Marilyn Okoro,female,athletics,bronze
Mariya Abakumova,female,athletics,silver
Mary Wineberg,female,athletics,gold
Maurren Maggi,female,athletics,gold
Melaine Walker,female,athletics,gold
Meseret Defar,female,athletics,silver
Monique Henderson,female,athletics,gold
Nancy Langat,female,athletics,gold
Nataliya Dobrynska,female,athletics,gold
Nataliya Tobias,female,athletics,bronze
Natasha Hastings,female,athletics,gold
Nicola Sanders,female,athletics,bronze
Novlene Williams-Mills,female,athletics,silver
Olena Antonova,female,athletics,silver
Olga Kaniskina,female,athletics,gold
Olivia Borlée,female,athletics,gold
Oludamola Osayomi,female,athletics,silver
Pamela Jelimo,female,athletics,gold
Priscilla Lopes-Schliep,female,athletics,bronze
Rosemar Coelho Neto,female,athletics,bronze
Rosemarie Whyte,female,athletics,silver
Rosângela Santos,female,athletics,bronze
Sally Pearson,female,athletics,silver
Sanya Richards-Ross,female,athletics,bronze
Shalane Flanagan,female,athletics,silver
Sheena Tosta,female,athletics,silver
Shelly-Ann Fraser-Pryce,female,athletics,gold
Shereefa Lloyd,female,athletics,silver
Shericka Williams,female,athletics,silver
Sherone Simpson,female,athletics,silver
Song Aimin,female,athletics,bronze
Stephanie Brown Trafton,female,athletics,gold
Svetlana Feofanova,female,athletics,bronze
Sylvia Jebiwott Kibet,female,athletics,bronze
Tasha Danvers,female,athletics,bronze
Tatyana Chernova,female,athletics,bronze
Thaissa Presti,female,athletics,bronze
Tia Hellebaut,female,athletics,gold
Tirunesh Dibaba,female,athletics,gold
Valerie Adams,female,athletics,gold
Veronica Campbell-Brown,female,athletics,gold
Yekaterina Volkova,female,athletics,bronze
Yelena Isinbayeva,female,athletics,gold
Yipsi Moreno,female,athletics,gold
Zhang Wenxiu,female,athletics,silver
Zhou Chunxiu,female,athletics,bronze
Élodie Ouédraogo,female,athletics,gold
Cai Yun,male,badminton,silver
Chen Jin,male,badminton,bronze
Fu Haifeng,male,badminton,silver
He Hanbin,male,badminton,bronze
Hendra Setiawan,male,badminton,gold
Hwang Ji-man,male,badminton,bronze
Lee Chong Wei,male,badminton,silver
Lee Jae-jin,male,badminton,bronze
Lee Yong-dae,male,badminton,gold
Lin Dan,male,badminton,gold
Markis Kido,male,badminton,gold
Nova Widianto,male,badminton,silver
Du Jing,female,badminton,gold
Lee Hyo-jung,female,badminton,silver
Lee Kyung-won,female,badminton,silver
Liliyana Natsir,female,badminton,silver
Maria Kristin Yulianti,female,badminton,bronze
Wei Yili,female,badminton,bronze
Xie Xingfang,female,badminton,silver
Yu Yang,female,badminton,gold
Zhang Ning,female,badminton,gold
Zhang Yawen,female,badminton,bronze
Adiel Palma,male,baseball,silver
Alexander Malleta,male,baseball,silver
Alexei Bell,male,baseball,silver
Alfredo Despaigne,male,baseball,silver
Ariel Pestano,male,baseball,silver
Blaine Neal,male,baseball,bronze
Bong Jung-keun,male,baseball,gold
Brandon Knight,male,baseball,bronze
Brett Anderson,male,baseball,bronze
Brian Barden,male,baseball,bronze
Brian Duensing,male,baseball,bronze
Casey Weathers,male,baseball,bronze
Chong Tae-hyon,male,baseball,gold
Dexter Fowler,male,baseball,bronze
Eduardo Paret,male,baseball,silver
Elier Sánchez,male,baseball,silver
Eriel Sánchez,male,baseball,silver
Frederich Cepeda,male,baseball,silver
Giorvis Duvergel,male,baseball,silver
Han Ki-joo,male,baseball,gold
Hyun-jin Ryu,male,baseball,gold
Héctor Olivera,male,baseball,silver
Jake Arrieta,male,baseball,bronze
Jang Won-sam,male,baseball,gold
Jason Donald,male,baseball,bronze
Jayson Nix,male,baseball,bronze
Jeff Stevens,male,baseball,bronze
Jeong Keun-woo,male,baseball,gold
Jeremy Cummings,male,baseball,bronze
Jin Kab-yong,male,baseball,gold
John Gall,male,baseball,bronze
Jonder Martínez,male,baseball,silver
Kang Min-ho,male,baseball,gold
Kevin Jepsen,male,baseball,bronze
Kim Dong-ju,male,baseball,gold
Kim Hyun-soo,male,baseball,gold
Kim Kwang-hyun,male,baseball,gold
Kim Min-jae,male,baseball,gold
Ko Young-min,male,baseball,gold
Kwon Hyuk,male,baseball,gold
Lee Dae-ho,male,baseball,gold
Lee Jin-young,male,baseball,gold
Lee Jong-wook,male,baseball,gold
Lee Seung-yuop,male,baseball,gold
Lee Taek-keun,male,baseball,gold
Lee Yong-kyu,male,baseball,gold
Lou Marson,male,baseball,bronze
Luis Miguel Navas,male,baseball,silver
Luis Miguel Rodríguez,male,baseball,silver
Matt LaPorta,male,baseball,bronze
Matthew Brown,male,baseball,bronze
Michel Enríquez,male,baseball,silver
Miguel Lahera,male,baseball,silver
Mike Hessman,male,baseball,bronze
Mike Koplove,male,baseball,bronze
Nate Schierholtz,male,baseball,bronze
Norberto González,male,baseball,silver
Norge Luis Vera,male,baseball,silver
Oh Seung-hwan,male,baseball,gold
Park Jin-man,male,baseball,gold
Pedro Luis Lazo,male,baseball,silver
Rolando Meriño,male,baseball,silver
Song Seung-jun,male,baseball,gold
Stephen Strasburg,male,baseball,bronze
Taylor Teagarden,male,baseball,bronze
Terry Tiffee,male,baseball,bronze
Trevor Cahill,male,baseball,bronze
Vicyohandri Odelín,male,baseball,silver
Yadier Pedroso,male,baseball,silver
Yoandry Urgellés,male,baseball,silver
Yoon Suk-min,male,baseball,gold
Yulieski Gurriel,male,baseball,silver
Andrés Nocioni,male,basketball,bronze
Antonio Porta,male,basketball,bronze
Berni Rodríguez,male,basketball,silver
Carlos Boozer,male,basketball,gold
Carlos Delfino,male,basketball,bronze
Carlos Jiménez,male,basketball,silver
Carmelo Anthony,male,basketball,gold
Chris Bosh,male,basketball,gold
Chris Paul,male,basketball,gold
Dwight Howard,male,basketball,gold
Dwyane Wade,male,basketball,gold
Fabricio Oberto,male,basketball,bronze
Federico Kammerichs,male,basketball,bronze
Felipe Reyes,male,basketball,silver
Jason Kidd,male,basketball,gold
Jorge Garbajosa,male,basketball,silver
José Calderón,male,basketball,silver
Juan Carlos Navarro,male,basketball,silver
Juan Pedro Gutiérrez,male,basketball,bronze
Kobe Bryant,male,basketball,gold
LeBron James,male,basketball,gold
Leonardo Gutiérrez,male,basketball,bronze
Luis Scola,male,basketball,bronze
Manu Ginóbili,male,basketball,bronze
Marc Gasol,male,basketball,silver
Michael Redd,male,basketball,gold
Pablo Prigioni,male,basketball,bronze
Paolo Quinteros,male,basketball,bronze
Pau Gasol,male,basketball,silver
Raül López,male,basketball,silver
Ricky Rubio,male,basketball,silver
Román González,male,basketball,bronze
Rudy Fernández,male,basketball,silver
Tayshaun Prince,male,basketball,gold
Álex Mumbrú,male,basketball,silver
Becky Hammon,female,basketball,bronze
Belinda Snell,female,basketball,silver
Candace Parker,female,basketball,gold
Cappie Pondexter,female,basketball,gold
DeLisha Milton-Jones,female,basketball,gold
Diana Taurasi,female,basketball,gold
Emma Randall,female,basketball,silver
Erin Phillips,female,basketball,silver
Hollie Grima,female,basketball,silver
Ilona Korstin,female,basketball,bronze
Irina Osipova,female,basketball,bronze
Irina Sokolovskaya,female,basketball,bronze
Jenni Screen,female,basketball,silver
Kara Lawson,female,basketball,gold
Katie Smith,female,basketball,gold
Kristi Harrower,female,basketball,silver
Laura Summerton,female,basketball,silver
Lauren Jackson,female,basketball,silver
Lisa Leslie,female,basketball,gold
Maria Stepanova,female,basketball,bronze
Marina Karpunina,female,basketball,bronze
Marina Kuzina,female,basketball,bronze
Natalia Vodopyanova,female,basketball,bronze
Oxana Rakhmatulina,female,basketball,bronze
Penny Taylor,female,basketball,silver
Rohanee Cox,female,basketball,silver
Seimone Augustus,female,basketball,gold
Sue Bird,female,basketball,gold
Suzy Batkovic,female,basketball,silver
Svetlana Abrosimova,female,basketball,bronze
Sylvia Fowles,female,basketball,gold
Tamika Catchings,female,basketball,gold
Tatiana Shchegoleva,female,basketball,bronze
Tina Thompson,female,basketball,gold
Tully Bevilaqua,female,basketball,silver
Yekaterina Lisina,female,basketball,bronze
Aleksei Tishchenko,male,boxing,gold
Alexis Vastine,male,boxing,bronze
Andry Laffita,male,boxing,silver
Bakhyt Sarsekbayev,male,boxing,gold
Bruno Julie,male,boxing,bronze
Carlos Banteux,male,boxing,silver
Clemente Russo,male,boxing,silver
Daouda Sow,male,boxing,silver
Darren Sutherland,male,boxing,bronze
David Price,male,boxing,bronze
Deontay Wilder,male,boxing,bronze
Emilio Correa,male,boxing,silver
Enkhbatyn Badar-Uugan,male,boxing,gold
Georgy Balakshin,male,boxing,bronze
Hrachik Javakhyan,male,boxing,bronze
James DeGale,male,boxing,gold
Kanat Islam,male,boxing,bronze
Kenny Egan,male,boxing,silver
Khedafi Djelkhir,male,boxing,silver
Kim Jung-joo,male,boxing,bronze
Manuel Félix Díaz,male,boxing,gold
Manus Boonjumnong,male,boxing,silver
Matthew Luu,male,boxing,bronze
Osmay Acosta,male,boxing,bronze
Paddy Barnes,male,boxing,bronze
Pürevdorjiin Serdamba,male,boxing,silver
Rakhim Chakhkiyev,male,boxing,gold
Roberto Cammarelle,male,boxing,gold
Roniel Iglesias,male,boxing,bronze
Shahin Imranov,male,boxing,bronze
Somjit Jongjohor,male,boxing,gold
Tony Jeffries,male,boxing,bronze
Vasyl Lomachenko,male,boxing,gold
Veaceslav Gojan,male,boxing,bronze
Vijender Singh,male,boxing,bronze
Vincenzo Picardi,male,boxing,bronze
Yakup Kılıç,male,boxing,bronze
Yampier Hernández,male,boxing,bronze
Yankiel León,male,boxing,silver
Yerkebulan Shynaliyev,male,boxing,bronze
Yordenis Ugás,male,boxing,bronze
Zhang Xiaoping,male,boxing,gold
Zhang Zhilei,male,boxing,silver
Zou Shiming,male,boxing,gold
Adam van Koeverden,male,canoeing and kayaking,silver
Aleksandr Kostoglod,male,canoeing and kayaking,silver
Alexander Grimm,male,canoeing and kayaking,gold
Aliaksandr Bahdanovich,male,canoeing and kayaking,gold
Aliaksei Abalmasau,male,canoeing and kayaking,gold
Andrea Facchin,male,canoeing and kayaking,bronze
Andreas Ihle,male,canoeing and kayaking,gold
Andrei Bahdanovich,male,canoeing and kayaking,gold
Antonio Scaduto,male,canoeing and kayaking,bronze
Artur Litvinchuk,male,canoeing and kayaking,gold
Attila Vajda,male,canoeing and kayaking,gold
Benjamin Boukpeti,male,canoeing and kayaking,bronze
Björn Goldschmidt,male,canoeing and kayaking,bronze
Carlos Pérez Rial,male,canoeing and kayaking,gold
Christian Gille,male,canoeing and kayaking,bronze
David Cal,male,canoeing and kayaking,silver
David Florence,male,canoeing and kayaking,silver
Dmitry Larionov,male,canoeing and kayaking,bronze
Eirik Verås Larsen,male,canoeing and kayaking,silver
Erik Vlček,male,canoeing and kayaking,silver
Fabien Lefèvre,male,canoeing and kayaking,silver
György Kozmann,male,canoeing and kayaking,bronze
Jaroslav Volf,male,canoeing and kayaking,silver
Juraj Tarr,male,canoeing and kayaking,silver
Ken Wallace,male,canoeing and kayaking,gold
Kim Wraae Knudsen,male,canoeing and kayaking,silver
Lutz Altepost,male,canoeing and kayaking,bronze
Martin Hollstein,male,canoeing and kayaking,gold
Maxim Opalev,male,canoeing and kayaking,gold
Meng Guanliang,male,canoeing and kayaking,gold
Michal Martikán,male,canoeing and kayaking,gold
Michal Riszdorfer,male,canoeing and kayaking,silver
Mikhail Kuznetsov,male,canoeing and kayaking,bronze
Norman Bröckl,male,canoeing and kayaking,bronze
Ondřej Štěpánek,male,canoeing and kayaking,silver
Pavol Hochschorner,male,canoeing and kayaking,gold
Peter Hochschorner,male,canoeing and kayaking,gold
Raman Pietrushenka,male,canoeing and kayaking,bronze
René Holten Poulsen,male,canoeing and kayaking,silver
Richard Riszdorfer,male,canoeing and kayaking,silver
Robin Bell,male,canoeing and kayaking,bronze
Ronald Rauhe,male,canoeing and kayaking,silver
Saúl Craviotto,male,canoeing and kayaking,gold
Sergey Ulegin,male,canoeing and kayaking,silver
Tamás Kiss,male,canoeing and kayaking,bronze
Thomas Hall,male,canoeing and kayaking,bronze
Tim Brabants,male,canoeing and kayaking,bronze
Tim Wieskötter,male,canoeing and kayaking,silver
Tomasz Wylenzek,male,canoeing and kayaking,bronze
Torsten Eckbrett,male,canoeing and kayaking,bronze
Vadzim Makhneu,male,canoeing and kayaking,bronze
Yang Wenjun,male,canoeing and kayaking,gold
Yuriy Cheban,male,canoeing and kayaking,bronze
Aneta Konieczna,female,canoeing and kayaking,silver
Anne-Laure Viard,female,canoeing and kayaking,bronze
Beata Mikołajczyk,female,canoeing and kayaking,silver
Chantal Meek,female,canoeing and kayaking,bronze
Conny Waßmuth,female,canoeing and kayaking,gold
Danuta Kozák,female,canoeing and kayaking,silver
Elena Kaliská,female,canoeing and kayaking,gold
Fanny Fischer,female,canoeing and kayaking,gold
Gabriella Szabó,female,canoeing and kayaking,silver
Hannah Davis,female,canoeing and kayaking,bronze
Inna Osypenko-Radomska,female,canoeing and kayaking,gold
Jacqueline Lawrence,female,canoeing and kayaking,silver
Josefa Idem,female,canoeing and kayaking,silver
Katalin Kovács,female,canoeing and kayaking,gold
Katrin Wagner-Augustin,female,canoeing and kayaking,bronze
Lisa Oldenhof,female,canoeing and kayaking,bronze
Lyndsie Fogarty,female,canoeing and kayaking,bronze
Marie Delattre,female,canoeing and kayaking,bronze
Natasa Dusev-Janics,female,canoeing and kayaking,gold
Nicole Reinhardt,female,canoeing and kayaking,gold
Violetta Oblinger-Peters,female,canoeing and kayaking,bronze
Alexandr Kolobnev,male,road bicycle racing,bronze
Fabian Cancellara,male,road bicycle racing,silver
Gustav Larsson,male,road bicycle racing,silver
Levi Leipheimer,male,road bicycle racing,bronze
Samuel Sánchez,male,road bicycle racing,gold
Emma Johansson,female,road bicycle racing,silver
Emma Pooley,female,road bicycle racing,silver
Karin Thürig,female,road bicycle racing,bronze
Kristin Armstrong,female,road bicycle racing,gold
Nicole Cooke,female,road bicycle racing,gold
Tatiana Guderzo,female,road bicycle racing,bronze
Alex Rasmussen,male,track cycling,silver
Alexei Markov,male,track cycling,bronze
Arnaud Tournant,male,track cycling,silver
Bradley Wiggins,male,track cycling,gold
Casper Jørgensen,male,track cycling,silver
Chris Hoy,male,track cycling,gold
Chris Newton,male,track cycling,bronze
Ed Clancy,male,track cycling,gold
Geraint Thomas,male,track cycling,gold
Grégory Baugé,male,track cycling,silver
Hayden Roulston,male,track cycling,silver
Jamie Staff,male,track cycling,gold
Jason Kenny,male,track cycling,silver
Jens-Erik Madsen,male,track cycling,silver
Jesse Sergent,male,track cycling,bronze
Joan Llaneras Roselló,male,track cycling,silver
Juan Curuchet,male,track cycling,gold
Kiyofumi Nagai,male,track cycling,bronze
Kévin Sireau,male,track cycling,silver
Marc Ryan,male,track cycling,bronze
Maximilian Levy,male,track cycling,bronze
Michael Færk Christensen,male,track cycling,silver
Michael Mørkøv,male,track cycling,silver
Mickaël Bourgain,male,track cycling,bronze
Mikhail Ignatiev,male,track cycling,bronze
Paul Manning,male,track cycling,gold
René Enders,male,track cycling,bronze
Roger Kluge,male,track cycling,silver
Ross Edgar,male,track cycling,silver
Sam Bewley,male,track cycling,bronze
Stefan Nimke,male,track cycling,bronze
Steven Burke,male,track cycling,bronze
Toni Tauler,male,track cycling,silver
Walter Pérez,male,track cycling,gold
Westley Gough,male,track cycling,bronze
Anna Meares,female,track cycling,silver
Guo Shuang,female,track cycling,bronze
Leire Olaberria,female,track cycling,bronze
Lesya Kalytovska,female,track cycling,bronze
Marianne Vos,female,track cycling,gold
Rebecca Romero,female,track cycling,gold
Victoria Pendleton,female,track cycling,gold
Wendy Houvenaghel,female,track cycling,silver
Yoanka González,female,track cycling,silver
Jean-Christophe Péraud,male,mountain biking,silver
Julien Absalon,male,mountain biking,gold
Nino Schurter,male,mountain biking,bronze
Irina Kalentieva,female,mountain biking,bronze
Maja Włoszczowska,female,mountain biking,silver
Sabine Spitz,female,mountain biking,gold
Donny Robinson,male,bmx,bronze
Mike Day,male,bmx,silver
Māris Štrombergs,male,bmx,gold
Anne-Caroline Chausson,female,bmx,gold
Jill Kintner,female,bmx,bronze
Laëtitia Le Corguillé,female,bmx,silver
Alexandre Despatie,male,diving,silver
Dmitri Sautin,male,diving,silver
Dmitriy Dobroskok,male,diving,bronze
Gleb Galperin,male,diving,bronze
He Chong,male,diving,gold
Huo Liang,male,diving,gold
Illya Kvasha,male,diving,bronze
Lin Yue,male,diving,gold
Matthew Mitcham,male,diving,gold
Oleksiy Pryhorov,male,diving,bronze
Patrick Hausding,male,diving,silver
Qin Kai,male,diving,bronze
Sascha Klein,male,diving,silver
Wang Feng,male,diving,gold
Yuriy Kunakov,male,diving,silver
Zhou Lüxin,male,diving,silver
Anastasia Pozdniakova,female,diving,silver
Briony Cole,female,diving,silver
Chen Ruolin,female,diving,gold
Ditte Kotzian,female,diving,bronze
Guo Jingjing,female,diving,gold
Heike Fischer,female,diving,bronze
Melissa Wu,female,diving,silver
Paola Espinosa,female,diving,bronze
Tatiana Ortiz,female,diving,bronze
Wang Xin,female,diving,bronze
Wu Minxia,female,diving,bronze
Yuliya Pakhalina,female,diving,silver
Émilie Heymans,female,diving,silver
Anky van Grunsven,female,equestrian sport,gold
Anne van Olst,female,equestrian sport,bronze
Beezie Madden,female,equestrian sport,bronze
Christina Liebherr,female,equestrian sport,bronze
Daisy Dick,female,equestrian sport,bronze
Gina Miles,female,equestrian sport,silver
Heike Kemmer,female,equestrian sport,bronze
Imke Bartels,female,equestrian sport,silver
Ingrid Klimke,female,equestrian sport,gold
Isabell Werth,female,equestrian sport,silver
Jill Henselwood,female,equestrian sport,silver
Kristina Cook,female,equestrian sport,bronze
Laura Kraut,female,equestrian sport,gold
Lucinda Fredericks,female,equestrian sport,silver
Mary King,female,equestrian sport,bronze
Megan Jones,female,equestrian sport,silver
Nadine Capellmann,female,equestrian sport,gold
Princess Nathalie of Sayn-Wittgenstein-Berleburg,female,equestrian sport,bronze
Sharon Hunt,female,equestrian sport,bronze
Sonja Johnson,female,equestrian sport,silver
Andreas Dibowski,male,equestrian sport,gold
Andreas Helgstrand,male,equestrian sport,bronze
Clayton Fredericks,male,equestrian sport,silver
Eric Lamaze,male,equestrian sport,gold
Frank Ostholt,male,equestrian sport,gold
Hans Peter Minderhoud,male,equestrian sport,silver
Hinrich Romeike,male,equestrian sport,gold
Ian Millar,male,equestrian sport,silver
Mac Cone,male,equestrian sport,silver
McLain Ward,male,equestrian sport,gold
Niklaus Schurtenberger,male,equestrian sport,bronze
Peter Thomsen,male,equestrian sport,gold
Pius Schwizer,male,equestrian sport,bronze
Rolf-Göran Bengtsson,male,equestrian sport,silver
Shane Rose,male,equestrian sport,silver
Steve Guerdat,male,equestrian sport,bronze
Will Simpson,male,equestrian sport,gold
William Fox-Pitt,male,equestrian sport,bronze
Adam Wiercioch,male,fencing,silver
Aldo Montano,male,fencing,bronze
Alfredo Rota,male,fencing,bronze
Benjamin Kleibrink,male,fencing,gold
Boris Sanson,male,fencing,gold
Diego Confalonieri,male,fencing,bronze
Diego Occhiuzzi,male,fencing,bronze
Fabrice Jeannet,male,fencing,silver
Gianpiero Pastore,male,fencing,bronze
James Leighman Williams,male,fencing,silver
Jason Rogers,male,fencing,silver
José Luis Abajo,male,fencing,bronze
Julien Pillet,male,fencing,gold
Jérôme Jeannet,male,fencing,gold
Keeth Smart,male,fencing,silver
Luigi Tarantino,male,fencing,bronze
Matteo Tagliariol,male,fencing,gold
Mihai Covaliu,male,fencing,bronze
Nicolas Lopez,male,fencing,silver
Radosław Zawrotniak,male,fencing,silver
Robert Andrzejuk,male,fencing,silver
Salvatore Sanzo,male,fencing,bronze
Stefano Carozzo,male,fencing,bronze
Tim Morehouse,male,fencing,silver
Tomasz Motyka,male,fencing,silver
Ulrich Robeiri,male,fencing,gold
Yūki Ōta,male,fencing,silver
Zhong Man,male,fencing,gold
Aida Shanayeva,female,fencing,gold
Ana Maria Popescu,female,fencing,silver
Bao Yingying,female,fencing,silver
Britta Heidemann,female,fencing,gold
Emily Cross,female,fencing,silver
Erinn Smart,female,fencing,silver
Giovanna Trillini,female,fencing,bronze
Halyna Pundyk,female,fencing,gold
Hanna Thompson,female,fencing,silver
Huang Haiyang,female,fencing,silver
Ilaria Salvatori,female,fencing,bronze
Ildikó Mincza-Nébald,female,fencing,bronze
Margherita Granbassi,female,fencing,bronze
Mariel Zagunis,female,fencing,gold
Nam Hyun-Hee,female,fencing,silver
Ni Hong,female,fencing,silver
Olena Khomrova,female,fencing,gold
Olha Kharlan,female,fencing,gold
Olha Zhovnir,female,fencing,gold
Rebecca Ward,female,fencing,bronze
Sada Jacobson,female,fencing,silver
Svetlana Boiko,female,fencing,gold
Tan Xue,female,fencing,silver
Valentina Vezzali,female,fencing,gold
Viktoria Nikishina,female,fencing,gold
Yevgeniya Lamonova,female,fencing,gold
Albert Sala,male,field hockey,silver
Alex Fàbregas,male,field hockey,silver
Andrew Smith,male,field hockey,bronze
Benjamin Weß,male,field hockey,gold
Bevan George,male,field hockey,bronze
Carlos Nevado,male,field hockey,gold
Christopher Zeller,male,field hockey,gold
David Alegre,male,field hockey,silver
David Guest,male,field hockey,bronze
Des Abbott,male,field hockey,bronze
Eddie Ockenden,male,field hockey,bronze
Eduard Arbós,male,field hockey,silver
Eduard Tubau,male,field hockey,silver
Eli Matheson,male,field hockey,bronze
Fergus Kavanagh,male,field hockey,bronze
Florian Keller,male,field hockey,gold
Francisco Cortés,male,field hockey,silver
Francisco Fábregas Monegal,male,field hockey,silver
Grant Schubert,male,field hockey,bronze
Jamie Dwyer,male,field hockey,bronze
Jan-Marco Montag,male,field hockey,gold
Juan Fernández La Villa,male,field hockey,silver
Kiel Brown,male,field hockey,bronze
Liam de Young,male,field hockey,bronze
Luke Doerner,male,field hockey,bronze
Mark Knowles,male,field hockey,bronze
Matthew Wells,male,field hockey,bronze
Matthias Witthaus,male,field hockey,gold
Max Weinhold,male,field hockey,gold
Maximilian Müller,male,field hockey,gold
Moritz Fürste,male,field hockey,gold
Niklas Meinert,male,field hockey,gold
Oliver Korn,male,field hockey,gold
Philip Witte,male,field hockey,gold
Philipp Zeller,male,field hockey,gold
Pol Amat,male,field hockey,silver
Ramón Alegre,male,field hockey,silver
Robert Hammond,male,field hockey,bronze
Roc Oliva,male,field hockey,silver
Rodrigo Garza,male,field hockey,silver
Santi Freixa,male,field hockey,silver
Sebastian Biederlack,male,field hockey,gold
Sergi Enrique,male,field hockey,silver
Stephen Lambert,male,field hockey,bronze
Tibor Weißenborn,male,field hockey,gold
Timo Weß,male,field hockey,gold
Tobias Hauke,male,field hockey,gold
Travis Brooks,male,field hockey,bronze
Víctor Sojo,male,field hockey,silver
Xavier Ribas,male,field hockey,silver
Alejandra Gulla,female,field hockey,bronze
Belén Succi,female,field hockey,bronze
Carla Rebecchi,female,field hockey,bronze
Chen Qiuqi,female,field hockey,silver
Chen Zhaoxia,female,field hockey,silver
Cheng Hui,female,field hockey,silver
Claudia Burkart,female,field hockey,bronze
Eefke Mulder,female,field hockey,gold
Ellen Hoog,female,field hockey,gold
Eva de Goede,female,field hockey,gold
Fatima Moreira de Melo,female,field hockey,gold
Fu Baorong,female,field hockey,silver
Gao Lihua,female,field hockey,silver
Giselle Kañevsky,female,field hockey,bronze
Huang Junxia,female,field hockey,silver
Janneke Schopman,female,field hockey,gold
Li Hongxia,female,field hockey,silver
Li Shuang,female,field hockey,silver
Lidewij Welten,female,field hockey,gold
Lisanne de Roever,female,field hockey,gold
Luciana Aymar,female,field hockey,bronze
Ma Yibo,female,field hockey,silver
Maartje Goderie,female,field hockey,gold
Maartje Paumen,female,field hockey,gold
Magdalena Aicega,female,field hockey,bronze
Mariana González Oliva,female,field hockey,bronze
Mariana Rossi,female,field hockey,bronze
Marilyn Agliotti,female,field hockey,gold
Mariné Russo,female,field hockey,bronze
María de la Paz Hernández,female,field hockey,bronze
Mercedes Margalot,female,field hockey,bronze
Miek van Geenhuizen,female,field hockey,gold
Minke Booij,female,field hockey,gold
Minke Smeets,female,field hockey,gold
Naomi van As,female,field hockey,gold
Noel Barrionuevo,female,field hockey,bronze
Pan Fengzhen,female,field hockey,silver
Paola Vukojicic,female,field hockey,bronze
Ren Ye,female,field hockey,silver
Rosario Luchetti,female,field hockey,bronze
Soledad García,female,field hockey,bronze
Song Qingling,female,field hockey,silver
Sophie Polkamp,female,field hockey,gold
Tang Chunling,female,field hockey,silver
Wieke Dijkstra,female,field hockey,gold
Zhang Yimeng,female,field hockey,silver
Zhao Yudiao,female,field hockey,silver
Zhou Wanfeng,female,field hockey,silver
Alex Sandro da Silva,male,association football,bronze
Alexandre Pato,male,association football,bronze
Ambruse Vanzekin,male,association football,silver
Anderson,male,association football,bronze
Breno Borges,male,association football,bronze
Chibuzor Okonkwo,male,association football,silver
Chinedu Obasi,male,association football,silver
Dele Adeleye,male,association football,silver
Diego Alves,male,association football,bronze
Diego Buonanotte,male,association football,gold
Diego Ribas da Cunha,male,association football,bronze
Efe Ambrose,male,association football,silver
Emmanuel Ekpo,male,association football,silver
Ezequiel Garay,male,association football,gold
Ezequiel Lavezzi,male,association football,gold
Federico Fazio,male,association football,gold
Fernando Gago,male,association football,gold
Hernanes,male,association football,bronze
Ikechukwu Ezenwa,male,association football,silver
Ilsinho,male,association football,bronze
Isaac Promise,male,association football,silver
Javier Mascherano,male,association football,gold
José Sosa,male,association football,gold
Juan Román Riquelme,male,association football,gold
Jô,male,association football,bronze
Lautaro Acosta,male,association football,gold
Lionel Messi,male,association football,gold
Lucas Leiva,male,association football,bronze
Luciano Fabián Monzón,male,association football,gold
Marcel,male,association football,bronze
Monday James,male,association football,silver
Nicolás Navarro,male,association football,gold
Nicolás Pareja,male,association football,gold
Oladapo Olufemi,male,association football,silver
Olubayo Adefemi,male,association football,silver
Oluwafemi Ajilore,male,association football,silver
Onyekachi Apam,male,association football,silver
Oscar Ustari,male,association football,gold
Pablo Zabaleta,male,association football,gold
Peter Odemwingie,male,association football,silver
Rafael Sóbis,male,association football,bronze
Rafinha,male,association football,bronze
Ramires,male,association football,bronze
Renan Brito Soares,male,association football,bronze
Ronaldinho,male,association football,bronze
Sani Kaita,male,association football,silver
Sergio Agüero,male,association football,gold
Sergio Romero,male,association football,gold
Solomon Okoronkwo,male,association football,silver
Thiago Neves,male,association football,bronze
Thiago Silva,male,association football,bronze
Victor Anichebe,male,association football,silver
Victor Obinna,male,association football,silver
Ángel Di María,male,association football,gold
Éver Banega,male,association football,gold
Aly Wagner,female,association football,gold
Amy Rodriguez,female,association football,gold
Andréia Rosa,female,association football,silver
Andréia Suntaque,female,association football,silver
Angela Hucles,female,association football,gold
Anja Mittag,female,association football,bronze
Annike Krahn,female,association football,bronze
Ariane Hingst,female,association football,bronze
Babett Peter,female,association football,bronze
Birgit Prinz,female,association football,bronze
Bárbara Micheline do Monte Barbosa,female,association football,silver
Carli Lloyd,female,association football,gold
Christie Pearce,female,association football,gold
Conny Pohlers,female,association football,bronze
Cristiane Rozeira,female,association football,silver
Célia Šašić,female,association football,bronze
Daniela Alves Lima,female,association football,silver
Ester,female,association football,silver
Fabiana Simões,female,association football,silver
Fatmire Alushi,female,association football,bronze
Formiga,female,association football,silver
Francielle,female,association football,silver
Heather Mitts,female,association football,gold
Heather O'Reilly,female,association football,gold
Hope Solo,female,association football,gold
Kate Markgraf,female,association football,gold
Kerstin Garefrekes,female,association football,bronze
Kerstin Stegemann,female,association football,bronze
Lauren Holiday,female,association football,gold
Linda Bresonik,female,association football,bronze
Lindsay Tarpley,female,association football,gold
Lori Chalupny,female,association football,gold
Marta,female,association football,silver
Maurine Dornelles Gonçalves,female,association football,silver
Maycon,female,association football,silver
Melanie Behringer,female,association football,bronze
Nadine Angerer,female,association football,bronze
Natasha Kai,female,association football,gold
Nicole Barnhart,female,association football,gold
Pretinha,female,association football,silver
Rachel van Hollebeke,female,association football,gold
Renata Costa,female,association football,silver
Renate Lingor,female,association football,bronze
Rosana dos Santos Augusto,female,association football,silver
Sandra Smisek,female,association football,bronze
Saskia Bartusiak,female,association football,bronze
Shannon Boxx,female,association football,gold
Simone Gomes Jatobá,female,association football,silver
Simone Laudehr,female,association football,bronze
Stephanie Cox,female,association football,gold
Tobin Heath,female,association football,gold
Tânia Maria Pereira Ribeiro,female,association football,silver
Ursula Holl,female,association football,bronze
Érika Cristiano dos Santos,female,association football,silver
Alexander Artemev,male,artistic gymnastics,bronze
Anton Fokin,male,artistic gymnastics,bronze
Anton Golotsutskov,male,artistic gymnastics,bronze
Benoît Caranobe,male,artistic gymnastics,bronze
Chen Yibing,male,artistic gymnastics,gold
Fabian Hambüchen,male,artistic gymnastics,bronze
Filip Ude,male,artistic gymnastics,silver
Gervasio Deferr,male,artistic gymnastics,silver
Hiroyuki Tomita,male,artistic gymnastics,silver
Huang Xu,male,artistic gymnastics,gold
Jonathan Horton,male,artistic gymnastics,bronze
Joseph Hagerty,male,artistic gymnastics,bronze
Justin Spring,male,artistic gymnastics,bronze
Kevin Tan,male,artistic gymnastics,bronze
Koki Sakamoto,male,artistic gymnastics,silver
Kōhei Uchimura,male,artistic gymnastics,silver
Leszek Blanik,male,artistic gymnastics,gold
Li Xiaopeng,male,artistic gymnastics,gold
Louis Smith,male,artistic gymnastics,bronze
Makoto Okiguchi,male,artistic gymnastics,silver
Oleksandr Vorobiov,male,artistic gymnastics,bronze
Raj Bhavsar,male,artistic gymnastics,bronze
Takehiro Kashima,male,artistic gymnastics,silver
Takuya Nakase,male,artistic gymnastics,silver
Thomas Bouhail,male,artistic gymnastics,silver
Xiao Qin,male,artistic gymnastics,gold
Yang Wei,male,artistic gymnastics,gold
Yoo Won-chul,male,artistic gymnastics,silver
Zou Kai,male,artistic gymnastics,gold
Alicia Sacramone,female,artistic gymnastics,silver
Anamaria Tămârjan,female,artistic gymnastics,bronze
Andreea Acatrinei,female,artistic gymnastics,bronze
Andreea Grigore,female,artistic gymnastics,bronze
Bridget Sloan,female,artistic gymnastics,silver
Chellsie Memmel,female,artistic gymnastics,silver
Cheng Fei,female,artistic gymnastics,gold
Deng Linlin,female,artistic gymnastics,gold
Gabriela Drăgoi,female,artistic gymnastics,bronze
He Kexin,female,artistic gymnastics,gold
Hong Un-jong,female,artistic gymnastics,gold
Jiang Yuyuan,female,artistic gymnastics,gold
Li Shanshan,female,artistic gymnastics,gold
Nastia Liukin,female,artistic gymnastics,gold
Oksana Chusovitina,female,artistic gymnastics,silver
Samantha Peszek,female,artistic gymnastics,silver
Sandra Izbașa,female,artistic gymnastics,bronze
Shawn Johnson East,female,artistic gymnastics,silver
Steliana Nistor,female,artistic gymnastics,bronze
Yang Yilin,female,artistic gymnastics,bronze
Alina Tumilovich,female,rhythmic gymnastics,bronze
Anastasia Ivankova,female,rhythmic gymnastics,bronze
Anna Bessonova,female,rhythmic gymnastics,bronze
Anna Gavrilenko,female,rhythmic gymnastics,gold
Cai Tong-Tong,female,rhythmic gymnastics,silver
Chou Tao,female,rhythmic gymnastics,silver
Daria Shkurikhina,female,rhythmic gymnastics,gold
Glafira Martinovich,female,rhythmic gymnastics,bronze
Inna Zhukova,female,rhythmic gymnastics,silver
Ksenia Sankovich,female,rhythmic gymnastics,bronze
Lü Yuanyang,female,rhythmic gymnastics,silver
Margarita Aliychuk,female,rhythmic gymnastics,gold
Natalia Zuyeva,female,rhythmic gymnastics,gold
Olesya Babushkina,female,rhythmic gymnastics,bronze
Sui Jianshuang,female,rhythmic gymnastics,silver
Sun Dan,female,rhythmic gymnastics,silver
Tatiana Gorbunova,female,rhythmic gymnastics,gold
Yelena Posevina,female,rhythmic gymnastics,gold
Yevgeniya Kanayeva,female,rhythmic gymnastics,gold
Zhang Shuo,female,rhythmic gymnastics,silver
Zinaida Lunina,female,rhythmic gymnastics,bronze
Dong Dong,male,trampoline gymnastics,bronze
Jason Burnett,male,trampoline gymnastics,silver
Lu Chunlong,male,trampoline gymnastics,gold
Ekaterina Khilko,female,trampoline gymnastics,bronze
He Wenna,female,trampoline gymnastics,gold
Karen Cockburn,female,trampoline gymnastics,silver
Albert Rocas,male,handball,bronze
Alberto Entrerríos,male,handball,bronze
Alexander Petersson,male,handball,silver
Arnór Atlason,male,handball,silver
Bertrand Gille,male,handball,gold
Björgvin Páll Gústavsson,male,handball,silver
Carlos Prieto Martos,male,handball,bronze
Christophe Kempé,male,handball,gold
Cristian Malmagro,male,handball,bronze
Cédric Burdet,male,handball,gold
Cédric Paty,male,handball,gold
Daniel Narcisse,male,handball,gold
Daouda Karaboué,male,handball,gold
David Barrufet,male,handball,bronze
David Davis,male,handball,bronze
Demetrio Lozano,male,handball,bronze
Didier Dinart,male,handball,gold
Guillaume Gille,male,handball,gold
Guðjón Valur Sigurðsson,male,handball,silver
Hreiðar Guðmundsson,male,handball,silver
Iker Romero,male,handball,bronze
Ingimundur Ingimundarson,male,handball,silver
Jon Belaustegui,male,handball,bronze
José Javier Hombrados,male,handball,bronze
Joël Abati,male,handball,gold
Juanín García,male,handball,bronze
Jérôme Fernandez,male,handball,gold
Logi Geirsson,male,handball,silver
Luc Abalo,male,handball,gold
Michaël Guigou,male,handball,gold
Nikola Karabatić,male,handball,gold
Olivier Girault,male,handball,gold
Raúl Entrerríos,male,handball,bronze
Rubén Garabaya,male,handball,bronze
Róbert Gunnarsson,male,handball,silver
Sigfús Sigurðsson,male,handball,silver
Snorri Guðjónsson,male,handball,silver
Sturla Ásgeirsson,male,handball,silver
Sverre Andreas Jakobsson,male,handball,silver
Thierry Omeyer,male,handball,gold
Víctor Tomás,male,handball,bronze
Ásgeir Örn Hallgrímsson,male,handball,silver
Ólafur Stefánsson,male,handball,silver
An Jung-Hwa,female,handball,bronze
Anna Kareyeva,female,handball,silver
Bae Min-hee,female,handball,bronze
Choi Im-jeong,female,handball,bronze
Else-Marthe Sørlie Lybekk,female,handball,gold
Emiliya Turey,female,handball,silver
Gro Hammerseng-Edin,female,handball,gold
Gøril Snorroeggen,female,handball,gold
Hong Jeong-ho,female,handball,bronze
Huh Soon-young,female,handball,bronze
Inna Suslina,female,handball,silver
Irina Bliznova,female,handball,silver
Irina Dibirova,female,handball,silver
Kari Aalvik Grimsbø,female,handball,gold
Kari Mette Johansen,female,handball,gold
Karoline Dyhre Breivang,female,handball,gold
Katja Nyberg,female,handball,gold
Katrine Lunde,female,handball,gold
Kim Cha-youn,female,handball,bronze
Kim Nam-sun,female,handball,bronze
Kim On-a,female,handball,bronze
Kristine Lunde-Borgersen,female,handball,gold
Lee Min-hee,female,handball,bronze
Linn-Kristin Riegelhuth Koren,female,handball,gold
Lyudmila Postnova,female,handball,silver
Maria Sidorova,female,handball,silver
Marit Malm Frafjord,female,handball,gold
Moon Pil-hee,female,handball,bronze
Natalia Shipilova,female,handball,silver
Oh Seong-ok,female,handball,bronze
Oh Yong-ran,female,handball,bronze
Oxana Romenskaya,female,handball,silver
Park Chung-hee,female,handball,bronze
Ragnhild Aamodt,female,handball,gold
Song Hai-rim,female,handball,bronze
Tonje Larsen,female,handball,gold
Tonje Nøstvold,female,handball,gold
Yana Uskova,female,handball,silver
Yekaterina Andryushina,female,handball,silver
Yekaterina Marennikova,female,handball,silver
Yelena Dmitriyeva,female,handball,silver
Yelena Polenova,female,handball,silver
Abdullo Tangriev,male,judo,silver
Amar Benikhlef,male,judo,silver
Askhat Zhitkeyev,male,judo,silver
Benjamin Darbelet,male,judo,silver
Choi Min-ho,male,judo,gold
Elnur Mammadli,male,judo,gold
Henk Grol,male,judo,bronze
Hesham Mesbah,male,judo,bronze
Irakli Tsirekidze,male,judo,gold
Kim Jae-bum,male,judo,silver
Leandro Guilheiro,male,judo,bronze
Ludwig Paischer,male,judo,silver
Masato Uchishiba,male,judo,gold
Movlud Miraliyev,male,judo,bronze
Naidangiin Tüvshinbayar,male,judo,gold
Ole Bischof,male,judo,gold
Pak Chol-Min,male,judo,bronze
Rasul Boqiev,male,judo,bronze
Rishod Sobirov,male,judo,bronze
Roman Hontyuk,male,judo,bronze
Ruben Houkes,male,judo,bronze
Satoshi Ishii,male,judo,gold
Sergei Aschwanden,male,judo,bronze
Teddy Riner,male,judo,bronze
Tiago Camilo,male,judo,bronze
Wang Ki-chun,male,judo,silver
Yordanis Arencibia,male,judo,bronze
Óscar Brayson,male,judo,bronze
Alina Dumitru,female,judo,gold
An Kum-ae,female,judo,silver
Anaysi Hernández,female,judo,silver
Ayumi Tanimoto,female,judo,gold
Deborah Gravenstijn,female,judo,silver
Edith Bosch,female,judo,bronze
Elisabeth Willeboordse,female,judo,bronze
Giulia Quintavalle,female,judo,gold
Idalys Ortiz,female,judo,bronze
Jeong Gyeong-mi,female,judo,bronze
Ketleyn Quadros,female,judo,bronze
Lucie Décosse,female,judo,silver
Lucija Polavder,female,judo,bronze
Maki Tsukada,female,judo,silver
Masae Ueno,female,judo,gold
Misato Nakamura,female,judo,bronze
Paula Pareto,female,judo,bronze
Ronda Rousey,female,judo,bronze
Ryoko Tani,female,judo,bronze
Soraya Haddad,female,judo,bronze
Stéphanie Possamaï,female,judo,bronze
Tong Wen,female,judo,gold
Won Ok-Im,female,judo,bronze
Xian Dongmei,female,judo,gold
Xu Yan,female,judo,bronze
Yalennis Castillo,female,judo,silver
Yanet Bermoy,female,judo,silver
Yang Xiuli,female,judo,gold
Andrejus Zadneprovskis,male,modern pentathlon,bronze
Andrey Moiseyev,male,modern pentathlon,gold
Edvinas Krungolcas,male,modern pentathlon,silver
Heather Fell,female,modern pentathlon,silver
Lena Schöneborn,female,modern pentathlon,gold
Acer Nethercott,male,rowing,silver
Adam Korol,male,rowing,gold
Adam Kreek,male,rowing,gold
Alastair Heathcote,male,rowing,silver
Alex Partridge,male,rowing,silver
Andrew Byrnes,male,rowing,gold
Andrew Triggs Hodge,male,rowing,gold
Bartłomiej Pawełczak,male,rowing,silver
Beau Hoopman,male,rowing,bronze
Ben Rutledge,male,rowing,gold
Benjamin Rondeau,male,rowing,bronze
Brian Price,male,rowing,gold
Bryan Volpenhein,male,rowing,bronze
Cameron McKenzie-McHarg,male,rowing,silver
Colin Smith,male,rowing,silver
Cédric Berrest,male,rowing,bronze
Daniel Walsh,male,rowing,bronze
David Calder,male,rowing,silver
David Crawshay,male,rowing,gold
Dimitris Mougios,male,rowing,silver
Dominic Seiterle,male,rowing,gold
Dorian Mortelette,male,rowing,bronze
Drew Ginn,male,rowing,gold
Duncan Free,male,rowing,gold
Eskild Ebbesen,male,rowing,gold
Francis Hegerty,male,rowing,silver
George Bridgewater,male,rowing,bronze
Germain Chardin,male,rowing,bronze
Iain Brambell,male,rowing,bronze
Jake Wetzel,male,rowing,gold
James Marburg,male,rowing,silver
Jon Beare,male,rowing,bronze
Jonathan Coeffic,male,rowing,bronze
Josh Inman,male,rowing,bronze
Josh West,male,rowing,silver
Julien Bahain,male,rowing,bronze
Julien Desprès,male,rowing,bronze
Jüri Jaanson,male,rowing,silver
Kevin Light,male,rowing,gold
Konrad Wasielewski,male,rowing,gold
Kyle Hamilton,male,rowing,gold
Liam Parsons,male,rowing,bronze
Luca Agamennoni,male,rowing,silver
Mads Andersen,male,rowing,gold
Mads Rasmussen,male,rowing,bronze
Mahé Drysdale,male,rowing,bronze
Malcolm Howard,male,rowing,gold
Marcus McElhenney,male,rowing,bronze
Marek Kolbowicz,male,rowing,gold
Mark Hunter,male,rowing,gold
Matt Ryan,male,rowing,silver
Matt Schnobrich,male,rowing,bronze
Matthew Langridge,male,rowing,silver
Micah Boyd,male,rowing,bronze
Michał Jeliński,male,rowing,gold
Mike Lewis,male,rowing,bronze
Miłosz Bernatajtys,male,rowing,silver
Morten Jørgensen,male,rowing,gold
Nathan Twaddle,male,rowing,bronze
Olaf Tufte,male,rowing,gold
Ondřej Synek,male,rowing,silver
Paweł Rańda,male,rowing,silver
Pete Reed,male,rowing,gold
Pierre-Jean Peltier,male,rowing,bronze
Rasmus Quist Hansen,male,rowing,bronze
Richard Egington,male,rowing,silver
Rossano Galtarossa,male,rowing,silver
Scott Brennan,male,rowing,gold
Scott Frandsen,male,rowing,silver
Simone Raineri,male,rowing,silver
Simone Venier,male,rowing,silver
Stephen Rowbotham,male,rowing,bronze
Steve Williams,male,rowing,gold
Steven Coppola,male,rowing,bronze
Thomas Ebert,male,rowing,gold
Tom James,male,rowing,gold
Tom Lucy,male,rowing,silver
Tom Stallard,male,rowing,silver
Tõnu Endrekson,male,rowing,silver
Vasileios Polymeros,male,rowing,silver
Wyatt Allen,male,rowing,bronze
Zac Purchase,male,rowing,gold
Łukasz Pawłowski,male,rowing,silver
Anna Goodale,female,rowing,gold
Anna Mickelson,female,rowing,gold
Anna Watkins,female,rowing,bronze
Annabel Vernon,female,rowing,silver
Annekatrin Thiele,female,rowing,silver
Annemarieke van Rumpt,female,rowing,silver
Annemiek de Haan,female,rowing,silver
Britta Oppelt,female,rowing,bronze
Caroline Evers-Swindell,female,rowing,gold
Caroline Lind,female,rowing,gold
Caryn Davies,female,rowing,gold
Christiane Huth,female,rowing,silver
Constanța Burcică,female,rowing,bronze
Debbie Flood,female,rowing,silver
Doina Ignat,female,rowing,bronze
Ekaterina Karsten,female,rowing,bronze
Elena Georgescu,female,rowing,bronze
Elise Laverick,female,rowing,bronze
Elle Logan,female,rowing,gold
Enikő Barabás,female,rowing,bronze
Erin Cafaro,female,rowing,gold
Ester Workel,female,rowing,silver
Femke Dekker,female,rowing,silver
Frances Houghton,female,rowing,silver
Gao Yulan,female,rowing,silver
Georgeta Damian,female,rowing,gold
Georgina Evers-Swindell,female,rowing,gold
Helen Tanger,female,rowing,silver
Ioana Papuc,female,rowing,bronze
Jin Ziwei,female,rowing,gold
Katherine Grainger,female,rowing,silver
Kathrin Boron,female,rowing,bronze
Kirsten van der Kolk,female,rowing,gold
Lindsay Shoop,female,rowing,gold
Manuela Lutze,female,rowing,bronze
Marit van Eupen,female,rowing,gold
Marlies Smulders,female,rowing,silver
Mary Whipple,female,rowing,gold
Melanie Kok,female,rowing,bronze
Michelle Guerette,female,rowing,silver
Minna Nieminen,female,rowing,silver
Natallia Helakh,female,rowing,bronze
Nienke Kingma,female,rowing,silver
Rodica Șerban,female,rowing,bronze
Roline Repelaer van Driel,female,rowing,silver
Rumyana Neykova,female,rowing,gold
Sanna Stén,female,rowing,silver
Sarah Siegelaar,female,rowing,silver
Simona Mușat,female,rowing,bronze
Stephanie Schiller,female,rowing,bronze
Susan Francia,female,rowing,gold
Tang Bin,female,rowing,gold
Tracy Cameron,female,rowing,bronze
Viorica Susanu,female,rowing,gold
Wu You,female,rowing,silver
Xi Aihua,female,rowing,gold
Yuliya Bichyk,female,rowing,bronze
Zhang Yangyang,female,rowing,gold
Anders Ekström,male,sailing,bronze
Andrew Simpson,male,sailing,gold
Antón Paz,male,sailing,gold
Ben Ainslie,male,sailing,gold
Bruno Prada,male,sailing,silver
Carlos Espínola,male,sailing,bronze
Darren Bundock,male,sailing,silver
Diego Romero,male,sailing,bronze
Fernando Echávarri,male,sailing,gold
Fredrik Lööf,male,sailing,bronze
Glenn Ashby,male,sailing,silver
Guillaume Florent,male,sailing,bronze
Hannes Peckolt,male,sailing,bronze
Iain Percy,male,sailing,gold
Iker Martínez de Lizarduy,male,sailing,silver
Jan-Peter Peckolt,male,sailing,bronze
Joe Glanfield,male,sailing,silver
Jonas Warrer,male,sailing,gold
Julien Bontemps,male,sailing,silver
Malcolm Page,male,sailing,gold
Martin Kirketerp,male,sailing,gold
Nathan Wilmot,male,sailing,gold
Nick Rogers,male,sailing,silver
Nicolas Charbonnier,male,sailing,bronze
Olivier Bausset,male,sailing,bronze
Paul Goodison,male,sailing,gold
Robert Scheidt,male,sailing,silver
Santiago Lange,male,sailing,bronze
Shahar Tzuberi,male,sailing,bronze
Tom Ashley,male,sailing,gold
Vasilij Žbogar,male,sailing,silver
Xabier Fernández,male,sailing,silver
Zach Railey,male,sailing,silver
Alessandra Sensini,female,sailing,silver
Anna Tunnicliffe,female,sailing,gold
Annemieke Bes,female,sailing,silver
Bryony Shaw,female,sailing,bronze
Elise Rechichi,female,sailing,gold
Fernanda Oliveira,female,sailing,bronze
Gintarė Scheidt,female,sailing,silver
Isabel Swan,female,sailing,bronze
Lobke Berkhout,female,sailing,silver
Mandy Mulder,female,sailing,silver
Marcelien de Koning,female,sailing,silver
Merel Witteveen,female,sailing,silver
Pippa Wilson,female,sailing,gold
Sarah Ayton,female,sailing,gold
Sarah Webb,female,sailing,gold
Sofia Bekatorou,female,sailing,bronze
Sofia Papadopoulou,female,sailing,bronze
Tessa Parkinson,female,sailing,gold
Virginia Kravarioti,female,sailing,bronze
Xu Lijia,female,sailing,bronze
Yin Jian,female,sailing,gold
Abhinav,male,shooting sport,gold
Aleksei Alipov,male,shooting sport,bronze
Anthony Terras,male,shooting sport,bronze
Artur Ayvazyan,male,shooting sport,gold
Christian Reitz,male,shooting sport,bronze
David Kostelecký,male,shooting sport,gold
Francesco D'Aniello,male,shooting sport,silver
Giovanni Pellielo,male,shooting sport,silver
Henri Häkkinen,male,shooting sport,bronze
Hu Binyuan,male,shooting sport,bronze
Jason Turner,male,shooting sport,bronze
Jin Jong-oh,male,shooting sport,silver
Jury Sukhorukov,male,shooting sport,silver
Matthew Emmons,male,shooting sport,silver
Oleksandr Petriv,male,shooting sport,gold
Pang Wei,male,shooting sport,gold
Qiu Jian,male,shooting sport,gold
Rajmond Debevec,male,shooting sport,bronze
Ralf Schumann,male,shooting sport,silver
Tan Zongliang,male,shooting sport,silver
Tore Brovold,male,shooting sport,silver
Vincent Hancock,male,shooting sport,gold
Vladimir Isakov,male,shooting sport,bronze
Walton Eller,male,shooting sport,gold
Warren Potent,male,shooting sport,bronze
Zhu Qinan,male,shooting sport,silver
Chen Ying,female,shooting sport,gold
Chiara Cainero,female,shooting sport,gold
Christine Wenzel,female,shooting sport,bronze
Corey Cogdell,female,shooting sport,bronze
Du Li,female,shooting sport,gold
Eglis Yaima Cruz,female,shooting sport,bronze
Guo Wenjun,female,shooting sport,gold
Kateřina Emmons,female,shooting sport,gold
Kim Rhode,female,shooting sport,silver
Lioubov Galkina,female,shooting sport,silver
Munkhbayar Dorjsuren,female,shooting sport,bronze
Natalia Paderina,female,shooting sport,silver
Nino Salukvadze,female,shooting sport,bronze
Otryadyn Gündegmaa,female,shooting sport,silver
Satu Mäkelä-Nummela,female,shooting sport,gold
Snježana Pejčić,female,shooting sport,bronze
Zuzana Rehák-Štefečeková,female,shooting sport,silver
Andrea Duran,female,softball,silver
Ayumi Karino,female,softball,gold
Belinda Wright,female,softball,bronze
Caitlin Lowe,female,softball,silver
Cat Osterman,female,softball,silver
Crystl Bustos,female,softball,silver
Danielle Stewart,female,softball,bronze
Emi Inui,female,softball,gold
Eri Yamada,female,softball,gold
Hiroko Sakai,female,softball,gold
Jennie Finch,female,softball,silver
Jessica Mendoza,female,softball,silver
Jodie Bowering,female,softball,bronze
Justine Smethurst,female,softball,bronze
Kelly Hardie,female,softball,bronze
Kelly Kretschman,female,softball,silver
Kerry Wyborn,female,softball,bronze
Kylie Cronk,female,softball,bronze
Laura Berg,female,softball,silver
Lauren Lappin,female,softball,silver
Lovieanne Jung,female,softball,silver
Masumi Mishina,female,softball,gold
Megu Hirose,female,softball,gold
Melanie Roche,female,softball,bronze
Mika Someya,female,softball,gold
Monica Abbott,female,softball,silver
Motoko Fujimoto,female,softball,gold
Naho Emoto,female,softball,gold
Natalie Titcume,female,softball,bronze
Natalie Ward,female,softball,bronze
Natasha Watley,female,softball,silver
Rei Nishiyama,female,softball,gold
Rie Sato,female,softball,gold
Sachiko Ito,female,softball,gold
Sandy Lewis,female,softball,bronze
Satoko Mabuchi,female,softball,gold
Simmone Morrow,female,softball,bronze
Stacey Nuveman,female,softball,silver
Stacey Porter,female,softball,bronze
Tairia Flowers,female,softball,silver
Tanya Harding,female,softball,bronze
Tracey Mosley,female,softball,bronze
Vicky Galindo,female,softball,silver
Yukiko Ueno,female,softball,gold
Yukiyo Mine,female,softball,gold
Aaron Peirsol,male,swimming,gold
Adam Pine,male,swimming,silver
Alain Bernard,male,swimming,bronze
Alexander Dale Oen,male,swimming,silver
Alexander Sukhorukov,male,swimming,silver
Amaury Leveaux,male,swimming,silver
Andrew Lauterstein,male,swimming,bronze
Arkady Vyatchanin,male,swimming,bronze
Ashley Callus,male,swimming,bronze
Ashley Delaney,male,swimming,silver
Ben Wildman-Tobriner,male,swimming,gold
Boris Steimetz,male,swimming,silver
Brendan Hansen,male,swimming,gold
Brenton Rickard,male,swimming,silver
Christian Sprenger,male,swimming,silver
Cullen Jones,male,swimming,gold
César Cielo,male,swimming,gold
Danila Izotov,male,swimming,silver
David Davies,male,swimming,silver
David Walters,male,swimming,gold
Eamon Sullivan,male,swimming,silver
Erik Vendt,male,swimming,gold
Fabien Gilot,male,swimming,silver
Frédérick Bousquet,male,swimming,silver
Garrett Weber-Gale,male,swimming,gold
Grant Brits,male,swimming,bronze
Grant Hackett,male,swimming,silver
Grégory Mallet,male,swimming,silver
Hayden Stoeckel,male,swimming,bronze
Hisayoshi Sato,male,swimming,bronze
Hugues Duboscq,male,swimming,bronze
Ian Crocker,male,swimming,gold
Jason Lezak,male,swimming,bronze
Junichi Miyashita,male,swimming,bronze
Kirk Palmer,male,swimming,bronze
Klete Keller,male,swimming,gold
Kosuke Kitajima,male,swimming,gold
Larsen Jensen,male,swimming,bronze
Leith Brodie,male,swimming,bronze
László Cseh,male,swimming,silver
Maarten van der Weijden,male,swimming,gold
Mark Gangloff,male,swimming,gold
Matt Grevers,male,swimming,silver
Matt Targett,male,swimming,bronze
Michael Phelps,male,swimming,gold
Mikhail Polishchuk,male,swimming,silver
Milorad Čavić,male,swimming,silver
Nathan Adrian,male,swimming,gold
Nick Ffrost,male,swimming,bronze
Nikita Lobintsev,male,swimming,silver
Oussama Mellouli,male,swimming,gold
Park Tae-Hwan,male,swimming,silver
Patrick Murphy,male,swimming,bronze
Peter Vanderkaay,male,swimming,bronze
Ricky Berens,male,swimming,gold
Ryan Cochrane,male,swimming,bronze
Ryan Lochte,male,swimming,gold
Takeshi Matsuda,male,swimming,bronze
Takuro Fujii,male,swimming,bronze
Thomas Lurz,male,swimming,bronze
Yevgeny Lagunov,male,swimming,silver
Zhang Lin,male,swimming,silver
Alessia Filippi,female,swimming,silver
Alice Tait,female,swimming,bronze
Allison Schmitt,female,swimming,bronze
Angie Bainbridge,female,swimming,gold
Britta Steffen,female,swimming,gold
Bronte Barratt,female,swimming,gold
Caroline Burckle,female,swimming,bronze
Cassie Patten,female,swimming,bronze
Cate Campbell,female,swimming,bronze
Christine Magnuson,female,swimming,silver
Christine Marshall,female,swimming,bronze
Dara Torres,female,swimming,silver
Elaine Breeden,female,swimming,silver
Emily Seebohm,female,swimming,gold
Emily Silver,female,swimming,silver
Federica Pellegrini,female,swimming,gold
Felicity Galvez,female,swimming,gold
Femke Heemskerk,female,swimming,gold
Hinkelien Schreuder,female,swimming,gold
Inge Dekker,female,swimming,gold
Jessicah Schipper,female,swimming,bronze
Jiao Liuyang,female,swimming,silver
Joanne Jackson,female,swimming,bronze
Julia Smit,female,swimming,silver
Kara Lynn Joyce,female,swimming,silver
Katie Hoff,female,swimming,silver
Keri-Anne Payne,female,swimming,silver
Kim Vandenberg,female,swimming,bronze
Kirsty Coventry,female,swimming,silver
Kylie Palmer,female,swimming,gold
Lacey Nymeyer,female,swimming,silver
Lara Davenport,female,swimming,gold
Larisa Ilchenko,female,swimming,gold
Leisel Jones,female,swimming,gold
Libby Trickett,female,swimming,silver
Linda Mackenzie,female,swimming,gold
Liu Zige,female,swimming,gold
Lotte Friis,female,swimming,bronze
Manon van Rooijen,female,swimming,gold
Margaret Hoelzer,female,swimming,bronze
Marleen Veldhuis,female,swimming,gold
Megan Jendrick,female,swimming,silver
Melanie Schlanger,female,swimming,bronze
Mirna Jukić,female,swimming,bronze
Natalie Coughlin,female,swimming,bronze
Pang Jiaying,female,swimming,bronze
Ranomi Kromowidjojo,female,swimming,gold
Rebecca Adlington,female,swimming,gold
Rebecca Soni,female,swimming,silver
Reiko Nakamura,female,swimming,bronze
Sara Isaković,female,swimming,silver
Sara Nordenstam,female,swimming,bronze
Shayne Reese,female,swimming,bronze
Stephanie Rice,female,swimming,gold
Sun Ye,female,swimming,bronze
Tan Miao,female,swimming,silver
Tang Jingzhi,female,swimming,silver
Tarnee White,female,swimming,gold
Xu Tianlongzi,female,swimming,bronze
Yang Yu,female,swimming,silver
Zhao Jing,female,swimming,bronze
Zhou Yafei,female,swimming,bronze
Zhu Qianwei,female,swimming,silver
Alba Cabello,female,synchronized swimming,silver
Anastasia Davydova,female,synchronized swimming,gold
Anastasiya Yermakova,female,synchronized swimming,gold
Andrea Fuentes,female,synchronized swimming,silver
Anna Shorina,female,synchronized swimming,gold
Elvira Khasyanova,female,synchronized swimming,gold
Emiko Suzuki,female,synchronized swimming,bronze
Gemma Mengual,female,synchronized swimming,silver
Gisela Morón,female,synchronized swimming,silver
Gu Beibei,female,synchronized swimming,bronze
Huang Xuechen,female,synchronized swimming,bronze
Irina Rodríguez,female,synchronized swimming,silver
Jiang Tingting,female,synchronized swimming,bronze
Jiang Wenwen,female,synchronized swimming,bronze
Laura López,female,synchronized swimming,silver
Liu Ou,female,synchronized swimming,bronze
Luo Xi,female,synchronized swimming,bronze
Mariya Gromova,female,synchronized swimming,gold
Natalia Ishchenko,female,synchronized swimming,gold
Olga Kuzhela,female,synchronized swimming,gold
Paola Tirados,female,synchronized swimming,silver
Raquel Corral,female,synchronized swimming,silver
Saho Harada,female,synchronized swimming,bronze
Sun Qiuting,female,synchronized swimming,bronze
Svetlana Romashina,female,synchronized swimming,gold
Thaïs Henríquez,female,synchronized swimming,silver
Wang Na,female,synchronized swimming,bronze
Yelena Ovchinnikova,female,synchronized swimming,gold
Zhang Xiaohuan,female,synchronized swimming,bronze
Christian Süß,male,table tennis,silver
Dimitrij Ovtcharov,male,table tennis,silver
Ma Lin,male,table tennis,gold
Oh Sang-eun,male,table tennis,bronze
Ryu Seung-min,male,table tennis,bronze
Timo Boll,male,table tennis,silver
Wang Hao,male,table tennis,silver
Wang Liqin,male,table tennis,bronze
Yoon Jae-Young,male,table tennis,bronze
Dang Ye-seo,female,table tennis,bronze
Feng Tianwei,female,table tennis,silver
Guo Yue,female,table tennis,bronze
Kim Kyungah,female,table tennis,bronze
Li Jiawei,female,table tennis,silver
Park Mi-Young,female,table tennis,bronze
Wang Nan,female,table tennis,silver
Wang Yuegu,female,table tennis,silver
Zhang Yining,female,table tennis,gold
Alexandros Nikolaidis,male,taekwondo,silver
Arman Chilmanov,male,taekwondo,bronze
Cha Dong-Min,male,taekwondo,gold
Chika Chukwumerije,male,taekwondo,bronze
Chu Mu-yen,male,taekwondo,bronze
Gabriel Mercedes,male,taekwondo,silver
Guillermo Pérez,male,taekwondo,gold
Hadi Saei,male,taekwondo,gold
Mark López,male,taekwondo,silver
Mauro Sarmiento,male,taekwondo,silver
Rohullah Nikpai,male,taekwondo,bronze
Servet Tazegül,male,taekwondo,bronze
Son Tae-jin,male,taekwondo,gold
Steven López,male,taekwondo,bronze
Sung Yu-chi,male,taekwondo,bronze
Zhu Guo,male,taekwondo,bronze
Azize Tanrıkulu,female,taekwondo,silver
Buttree Puedpong,female,taekwondo,silver
Dalia Contreras,female,taekwondo,bronze
Daynellis Montejo,female,taekwondo,bronze
Diana López,female,taekwondo,bronze
Gwladys Épangue,female,taekwondo,bronze
Hwang Kyung-Seon,female,taekwondo,gold
Karine Sergerie,female,taekwondo,silver
Lim Su-jeong,female,taekwondo,gold
Martina Zubčić,female,taekwondo,bronze
María Espinoza,female,taekwondo,gold
Natália Falavigna,female,taekwondo,bronze
Nina Solheim,female,taekwondo,silver
Sandra Šarić,female,taekwondo,bronze
Sarah Stevenson,female,taekwondo,bronze
Wu Jingyu,female,taekwondo,gold
Bob Bryan,male,tennis,bronze
Fernando González,male,tennis,silver
Mike Bryan,male,tennis,bronze
Novak Djokovic,male,tennis,bronze
Rafael Nadal,male,tennis,gold
Roger Federer,male,tennis,gold
Simon Aspelin,male,tennis,silver
Stan Wawrinka,male,tennis,gold
Thomas Johansson,male,tennis,silver
Anabel Medina Garrigues,female,tennis,silver
Dinara Safina,female,tennis,silver
Elena Dementieva,female,tennis,gold
Serena Williams,female,tennis,gold
Venus Williams,female,tennis,gold
Vera Zvonareva,female,tennis,bronze
Virginia Ruano Pascual,female,tennis,silver
Yan Zi,female,tennis,bronze
Zheng Jie,female,tennis,bronze
Bevan Docherty,male,triathlon,bronze
Jan Frodeno,male,triathlon,gold
Simon Whitfield,male,triathlon,silver
Emma Moffatt,female,triathlon,bronze
Emma Snowsill,female,triathlon,gold
Vanessa Fernandes,female,triathlon,silver
Emanuel Rego,male,beach volleyball,bronze
Fábio Luiz Magalhães,male,beach volleyball,silver
Márcio Araújo,male,beach volleyball,silver
Phil Dalhausser,male,beach volleyball,gold
Ricardo Santos,male,beach volleyball,bronze
Todd Rogers,male,beach volleyball,gold
Kerri Walsh Jennings,female,beach volleyball,gold
Misty May-Treanor,female,beach volleyball,gold
Tian Jia,female,beach volleyball,silver
Wang Jie,female,beach volleyball,silver
Xue Chen,female,beach volleyball,bronze
Zhang Xi,female,beach volleyball,bronze
Aleksandr Korneev,male,volleyball,bronze
Aleksandr Kosarev,male,volleyball,bronze
Aleksandr Volkov,male,volleyball,bronze
Aleksey Kuleshov,male,volleyball,bronze
Aleksey Ostapenko,male,volleyball,bronze
Aleksey Verbov,male,volleyball,bronze
Anderson Rodrigues,male,volleyball,silver
André Heller,male,volleyball,silver
André Nascimento,male,volleyball,silver
Bruno Rezende,male,volleyball,silver
Clayton Stanley,male,volleyball,gold
Dante Amaral,male,volleyball,silver
David Lee,male,volleyball,gold
Gabriel Gardner,male,volleyball,gold
Giba,male,volleyball,silver
Gustavo Endres,male,volleyball,silver
Kevin Hansen,male,volleyball,gold
Lloy Ball,male,volleyball,gold
Marcelo Elgarten,male,volleyball,silver
Maxim Mikhaylov,male,volleyball,bronze
Murilo Endres,male,volleyball,silver
Reid Priddy,male,volleyball,gold
Richard Lambourne,male,volleyball,gold
Riley Salmon,male,volleyball,gold
Rodrigão,male,volleyball,silver
Ryan Millar,male,volleyball,gold
Samuel Fuchs,male,volleyball,silver
Scott Touzinsky,male,volleyball,gold
Sean Rooney,male,volleyball,gold
Semyon Poltavskiy,male,volleyball,bronze
Sergey Grankin,male,volleyball,bronze
Sergey Tetyukhin,male,volleyball,bronze
Sérgio Santos,male,volleyball,silver
Thomas Hoff,male,volleyball,gold
Vadim Khamuttskikh,male,volleyball,bronze
Yury Berezhko,male,volleyball,bronze
Carolina Albuquerque,female,volleyball,gold
Danielle Scott-Arruda,female,volleyball,silver
Fabiana Claudino,female,volleyball,gold
Fabiana de Oliveira,female,volleyball,gold
Feng Kun,female,volleyball,bronze
Fofão,female,volleyball,gold
Heather Bown,female,volleyball,silver
Jaqueline Carvalho,female,volleyball,gold
Jennifer Joines,female,volleyball,silver
Kim Glass,female,volleyball,silver
Kim Willoughby,female,volleyball,silver
Li Juan,female,volleyball,bronze
Lindsey Berg,female,volleyball,silver
Liu Yanan,female,volleyball,bronze
Logan Tom,female,volleyball,silver
Ma Yunwen,female,volleyball,bronze
Marianne Steinbrecher,female,volleyball,gold
Nicole Davis,female,volleyball,silver
Ogonna Nnamani,female,volleyball,silver
Paula Pequeno,female,volleyball,gold
Robyn Ah Mow-Santos,female,volleyball,silver
Sheilla Castro,female,volleyball,gold
Stacy Sykora,female,volleyball,silver
Tayyiba Haneef-Park,female,volleyball,silver
Thaísa Menezes,female,volleyball,gold
Valeska Menezes,female,volleyball,gold
Walewska Oliveira,female,volleyball,gold
Wang Yimei,female,volleyball,bronze
Wei Qiuyue,female,volleyball,bronze
Welissa Gonzaga,female,volleyball,gold
Xu Yunli,female,volleyball,bronze
Xue Ming,female,volleyball,bronze
Yang Hao,female,volleyball,bronze
Zhang Na,female,volleyball,bronze
Zhao Ruirui,female,volleyball,bronze
Zhou Suhong,female,volleyball,bronze
Adam Wright,male,water polo,silver
Aleksandar Ćirić,male,water polo,bronze
Aleksandar Šapić,male,water polo,bronze
Andrija Prlainović,male,water polo,bronze
Brandon Brooks,male,water polo,silver
Branko Peković,male,water polo,bronze
Dejan Savić,male,water polo,bronze
Denis Šefik,male,water polo,bronze
Duško Pijetlović,male,water polo,bronze
Dániel Varga,male,water polo,gold
Dénes Varga,male,water polo,gold
Filip Filipović,male,water polo,bronze
Gergely Kiss,male,water polo,gold
Gábor Kis,male,water polo,gold
István Gergely,male,water polo,gold
J. W. Krumpholz,male,water polo,silver
Jeff Powers,male,water polo,silver
Jesse Smith,male,water polo,silver
Layne Beaubien,male,water polo,silver
Merrill Moses,male,water polo,silver
Nikola Rađen,male,water polo,bronze
Norbert Hosnyánszky,male,water polo,gold
Norbert Madaras,male,water polo,gold
Peter Hudnut,male,water polo,silver
Peter Varellas,male,water polo,silver
Péter Biros,male,water polo,gold
Rick Merlo,male,water polo,silver
Ryan Bailey,male,water polo,silver
Slobodan Soro,male,water polo,bronze
Tamás Kásás,male,water polo,gold
Tamás Molnár,male,water polo,gold
Tamás Varga,male,water polo,gold
Tibor Benedek,male,water polo,gold
Tim Hutten,male,water polo,silver
Tony Azevedo,male,water polo,silver
Vanja Udovičić,male,water polo,bronze
Vladimir Vujasinović,male,water polo,bronze
Zoltán Szécsi,male,water polo,gold
Živko Gocić,male,water polo,bronze
Alette Sijbring,female,water polo,gold
Alicia McCormack,female,water polo,bronze
Alison Gregorka,female,water polo,silver
Amy Hetzel,female,water polo,bronze
Biurakn Hakhverdian,female,water polo,gold
Brenda Villa,female,water polo,silver
Brittany Hayes,female,water polo,silver
Bronwen Knox,female,water polo,bronze
Daniëlle de Bruijn,female,water polo,gold
Elizabeth Armstrong,female,water polo,silver
Elsie Windes,female,water polo,silver
Emma Knox,female,water polo,bronze
Gemma Beadsworth,female,water polo,bronze
Gillian van den Berg,female,water polo,gold
Heather Petri,female,water polo,silver
Iefke van Belkum,female,water polo,gold
Ilse van der Meijden,female,water polo,gold
Jaime Komer,female,water polo,silver
Jenna Santoromito,female,water polo,bronze
Jessica Steffens,female,water polo,silver
Kami Craig,female,water polo,silver
Kate Gynther,female,water polo,bronze
Lauren Wenger,female,water polo,silver
Marieke van den Ham,female,water polo,gold
Meike de Nooy,female,water polo,gold
Melissa Rippon,female,water polo,bronze
Mia Santoromito,female,water polo,bronze
Mieke Cabout,female,water polo,gold
Moriah van Norman,female,water polo,silver
Natalie Golda,female,water polo,silver
Nikita Cuffe,female,water polo,bronze
Noeki Klein,female,water polo,gold
Patty Cardenas,female,water polo,silver
Rebecca Rippon,female,water polo,bronze
Rianne Guichelaar,female,water polo,gold
Simone Koot,female,water polo,gold
Suzie Fraser,female,water polo,bronze
Taniele Gofers,female,water polo,bronze
Yasemin Smit,female,water polo,gold
Andrei Aramnau,male,weightlifting,gold
Arsen Kasabiev,male,weightlifting,silver
Diego Salazar,male,weightlifting,silver
Dmitry Klokov,male,weightlifting,silver
Eko Irawan,male,weightlifting,bronze
Evgeny Chigishev,male,weightlifting,silver
Gevorg Davtyan,male,weightlifting,bronze
Hoang Anh Tuan,male,weightlifting,silver
Jadier Valladares,male,weightlifting,bronze
Li Hongli,male,weightlifting,silver
Liao Hui,male,weightlifting,gold
Long Qingquan,male,weightlifting,gold
Lu Yong,male,weightlifting,gold
Marcin Dołęga,male,weightlifting,bronze
Matthias Steiner,male,weightlifting,gold
Sa Jae-Hyouk,male,weightlifting,gold
Szymon Kołecki,male,weightlifting,gold
Tigran Vardan Martirosyan,male,weightlifting,silver
Triyatno,male,weightlifting,bronze
Vencelas Dabaya,male,weightlifting,silver
Viktors Ščerbatihs,male,weightlifting,bronze
Yoandry Hernández,male,weightlifting,bronze
Yordanis Borrero,male,weightlifting,bronze
Zhang Xiangxiang,male,weightlifting,gold
Abeer Abdelrahman,female,weightlifting,bronze
Alla Vazhenina,female,weightlifting,gold
Chen Wei-ling,female,weightlifting,gold
Chen Yanqing,female,weightlifting,gold
Christine Girard,female,weightlifting,bronze
Damaris Gabriela Aguirre Aldaz,female,weightlifting,bronze
Ele Opeloge,female,weightlifting,silver
Im Jyoung-Hwa,female,weightlifting,silver
Jang Mi-ran,female,weightlifting,gold
Leydi Solís,female,weightlifting,silver
Lu Ying-chi,female,weightlifting,silver
Lydia Valentín,female,weightlifting,silver
Mariam Usman,female,weightlifting,bronze
O Jong-ae,female,weightlifting,silver
Oksana Slivenko,female,weightlifting,gold
Pak Hyon-suk,female,weightlifting,gold
Pensiri Laosirikul,female,weightlifting,bronze
Prapawadee Jaroenrattanatarakoon,female,weightlifting,gold
Raema Lisa Rumbewas,female,weightlifting,bronze
Wandee Kameaim,female,weightlifting,bronze
Yoon Jin-Hee,female,weightlifting,silver
Andriy Stadnik,male,freestyle wrestling,silver
Bakhtiyar Akhmedov,male,freestyle wrestling,gold
Bazar Bazarguruev,male,freestyle wrestling,bronze
Besik Kudukhov,male,freestyle wrestling,bronze
Buvaisar Saitiev,male,freestyle wrestling,gold
David Musuľbes,male,freestyle wrestling,silver
Disney Rodríguez,male,freestyle wrestling,bronze
Georgy Ketoyev,male,freestyle wrestling,bronze
Gheorghiță Ștefan,male,freestyle wrestling,bronze
Giorgi Gogshelidze,male,freestyle wrestling,silver
Henry Cejudo,male,freestyle wrestling,gold
Kenichi Yumoto,male,freestyle wrestling,silver
Khetag Gazyumov,male,freestyle wrestling,bronze
Kiril Terziev,male,freestyle wrestling,bronze
Marid Mutalimov,male,freestyle wrestling,bronze
Mavlet Batirov,male,freestyle wrestling,gold
Michel Batista Martínez,male,freestyle wrestling,bronze
Morad Mohammadi,male,freestyle wrestling,bronze
Murad Gaidarov,male,freestyle wrestling,silver
Otar Tushishvili,male,freestyle wrestling,bronze
Radoslav Velikov,male,freestyle wrestling,bronze
Ramazan Şahin,male,freestyle wrestling,gold
Revaz Mindorashvili,male,freestyle wrestling,gold
Shirvani Muradov,male,freestyle wrestling,gold
Sushil Kumar,male,freestyle wrestling,bronze
Taras Danko,male,freestyle wrestling,bronze
Tomohiro Matsunaga,male,freestyle wrestling,silver
Yusup Abdusalomov,male,freestyle wrestling,silver
Agnieszka Wieszczek-Kordus,female,freestyle wrestling,bronze
Alena Kartashova,female,freestyle wrestling,silver
Carol Huynh,female,freestyle wrestling,gold
Chiharu Icho,female,freestyle wrestling,silver
Iryna Merleni,female,freestyle wrestling,bronze
Jackeline Rentería,female,freestyle wrestling,bronze
Kaori Icho,female,freestyle wrestling,gold
Kyoko Hamaguchi,female,freestyle wrestling,bronze
Mariya Stadnik,female,freestyle wrestling,bronze
Randi Miller,female,freestyle wrestling,bronze
Saori Yoshida,female,freestyle wrestling,gold
Stanka Zlateva,female,freestyle wrestling,silver
Tonya Verbeek,female,freestyle wrestling,bronze
Wang Jiao,female,freestyle wrestling,gold
Xu Li,female,freestyle wrestling,silver
Yelena Shalygina,female,freestyle wrestling,bronze
Adam Wheeler,male,greco roman wrestling,bronze
Andrea Minguzzi,male,greco roman wrestling,gold
Armen Vardanyan,male,greco roman wrestling,bronze
Aslanbek Khushtov,male,greco roman wrestling,gold
Chang Yongxiang,male,greco roman wrestling,silver
Christophe Guénot,male,greco roman wrestling,bronze
Islambek Albiev,male,greco roman wrestling,gold
Kanatbek Begaliev,male,greco roman wrestling,silver
Manuchar Kvirkvelia,male,greco roman wrestling,gold
Marek Švec,male,greco roman wrestling,bronze
Mijaín López,male,greco roman wrestling,gold
Mikhail Siamionau,male,greco roman wrestling,bronze
Mindaugas Mizgaitis,male,greco roman wrestling,silver
Mirko Englich,male,greco roman wrestling,silver
Nazmi Avluca,male,greco roman wrestling,bronze
Nazyr Mankiev,male,greco roman wrestling,gold
Nurbakyt Tengizbayev,male,greco roman wrestling,silver
Park Eun-Chul,male,greco roman wrestling,bronze
Roman Amoyan,male,greco roman wrestling,bronze
Rovshan Bayramov,male,greco roman wrestling,silver
Ruslan Tumenbaev,male,greco roman wrestling,bronze
Sheng Jiang,male,greco roman wrestling,bronze
Steeve Guénot,male,greco roman wrestling,gold
Yannick Szczepaniak,male,greco roman wrestling,bronze
Yavor Yanakiev,male,greco roman wrestling,bronze
Yury Patrikeyev,male,greco roman wrestling,bronze
Zoltán Fodor,male,greco roman wrestling,silver
